{
    "accuracy": 0.7886178861788617,
    "f1": 0.8586956521739131,
    "roc_auc": 0.7030523255813954
}