{
    "accuracy": 0.7723577235772358,
    "f1": 0.8444444444444444,
    "roc_auc": 0.6959302325581396
}